matrix_name,num_threads,csr_m,csr_k,csr_nnz,time,gflops,csr_mem_footprint,W_avg,J_estimated,format_name,m,n,nnz,mem_footprint,mem_ratio,CSRCV_NUM_PACKET_VALS
/various/pmpakos/SpMV-Research/validation_matrices/scircuit.mtx,24,170998,170998,958936,1.461244,21.503875,11.626461,0.000000,0.000000,MKL_CSR,170998,170998,958936,4600587329582608786313370001374722921021659547933625527032906487825217606671945498573673987299102022167235139991182457198271473757158075416632046707661558185609199936463658243959649078217645366541489329185259829546748739584.000000,395699716197942816167184466697923570028219110454862438302666228830195018759103723028887851540380840968249196650778471628519372815242750377930065182703895139435810801370180401699645225410771179177235330985804905630421483520.000000,64
/various/pmpakos/SpMV-Research/validation_matrices/mac_econ_fwd500.mtx,24,206500,206500,1273389,1.161018,35.939501,15.360519,0.000000,0.000000,MKL_CSR,206500,206500,1273389,0.000000,0.000000,64
/various/pmpakos/SpMV-Research/validation_matrices/raefsky3.mtx,24,21200,21200,1488768,1.000854,332.057200,17.118473,0.000000,0.000000,MKL_CSR,21200,21200,1488768,4600587329582608786313370001374722921021659547933625527032906487825217606671945498573673987299102022167235139991182457198271473757158075416632046707661558185609199936463658243959649078217645366541489329185259829546748739584.000000,268749865443292736289518667065541526066533582887942426772902155389295186326572665162293146032743179997807650325027097233116693382587167782330357583977773008741081225072909708698781386639720131077770726903993240704002293760.000000,64
